{
  "lang":"en",
  "name":"model",
  "version":"0.0.0",
  "spacy_version":">=2.3.2",
  "description":"",
  "author":"",
  "email":"",
  "url":"",
  "license":"",
  "spacy_git_version":"bf778f59c",
  "vectors":{
    "width":0,
    "vectors":0,
    "keys":0,
    "name":"spacy_pretrained_vectors"
  },
  "pipeline":[
    "ner"
  ],
  "factories":{
    "ner":"ner"
  },
  "labels":{
    "ner":[
      "Address",
      "Certifications",
      "CollegeName",
      "Companies",
      "Designation",
      "Education",
      "Email",
      "Experience",
      "Links",
      "Location",
      "Name",
      "Phone",
      "Projects",
      "Rewards",
      "Skills",
      "Technology"
    ]
  }
}